train_accuracies,val_accuracies,train_losses,val_losses
65.48300432192501,40.61052057781412,235.85664599388838,11.900572292506695
